Unnamed: 0,First Name,Last Name,Gender,Country,Age,Date,Id
501,Dulce,Abril,Female,United States,32,15/10/2017,1562
502,Mara,Hashimoto,Female,Great Britain,25,16/08/2016,1582
503,Philip,Gent,Male,France,36,21/05/2015,2587
504,Kathleen,Hanner,Female,United States,25,15/10/2017,3549
505,Nereida,Magwood,Female,United States,58,16/08/2016,2468
506,Gaston,Brumm,Male,United States,24,21/05/2015,2554
507,Etta,Hurn,Female,Great Britain,56,15/10/2017,3598
508,Earlean,Melgar,Female,United States,27,16/08/2016,2456
509,Vincenza,Weiland,Female,United States,40,21/05/2015,6548
510,Fallon,Winward,Female,Great Britain,28,16/08/2016,5486
511,Arcelia,Bouska,Female,Great Britain,39,21/05/2015,1258
512,Franklyn,Unknow,Male,France,38,15/10/2017,2579
513,Sherron,Ascencio,Female,Great Britain,32,16/08/2016,3256
514,Marcel,Zabriskie,Male,Great Britain,26,21/05/2015,2587
515,Kina,Hazelton,Female,Great Britain,31,16/08/2016,3259
516,Shavonne,Pia,Female,France,24,21/05/2015,1546
517,Shavon,Benito,Female,France,39,15/10/2017,3579
518,Lauralee,Perrine,Female,Great Britain,28,16/08/2016,6597
519,Loreta,Curren,Female,France,26,21/05/2015,9654
520,Teresa,Strawn,Female,France,46,21/05/2015,3569
521,Belinda,Partain,Female,United States,37,15/10/2017,2564
522,Holly,Eudy,Female,United States,52,16/08/2016,8561
523,Many,Cuccia,Female,Great Britain,46,21/05/2015,5489
524,Libbie,Dalby,Female,France,42,21/05/2015,5489
525,Lester,Prothro,Male,France,21,15/10/2017,6574
526,Marvel,Hail,Female,Great Britain,28,16/08/2016,5555
527,Angelyn,Vong,Female,United States,29,21/05/2015,6125
528,Francesca,Beaudreau,Female,France,23,15/10/2017,5412
529,Garth,Gangi,Male,United States,41,16/08/2016,3256
530,Carla,Trumbull,Female,Great Britain,28,21/05/2015,3264
531,Veta,Muntz,Female,Great Britain,37,15/10/2017,4569
532,Stasia,Becker,Female,Great Britain,34,16/08/2016,7521
533,Jona,Grindle,Female,Great Britain,26,21/05/2015,6458
534,Judie,Claywell,Female,France,35,16/08/2016,7569
535,Dewitt,Borger,Male,United States,36,21/05/2015,8514
536,Nena,Hacker,Female,United States,29,15/10/2017,8563
537,Kelsie,Wachtel,Female,France,27,16/08/2016,8642
538,Sau,Pfau,Female,United States,25,21/05/2015,9536
539,Shanice,Mccrystal,Female,United States,36,21/05/2015,2567
540,Chase,Karner,Male,United States,37,15/10/2017,2154
541,Tommie,Underdahl,Male,United States,26,16/08/2016,3265
542,Dorcas,Darity,Female,United States,37,21/05/2015,8765
543,Angel,Sanor,Male,France,24,15/10/2017,3259
544,Willodean,Harn,Female,United States,39,16/08/2016,3567
545,Weston,Martina,Male,United States,26,21/05/2015,6540
546,Roma,Lafollette,Female,United States,34,15/10/2017,2654
547,Felisa,Cail,Female,United States,28,16/08/2016,6525
548,Demetria,Abbey,Female,United States,32,21/05/2015,3265
549,Jeromy,Danz,Male,United States,39,15/10/2017,3265
550,Rasheeda,Alkire,Female,United States,29,16/08/2016,6125
