Sr.No.,Unnamed: 1,Technical name as per the Schema in Excel,Attribute name as per the JSON,for excel headers,for Upload file headers,Txn_Headers,Failed Txn,Failed_txn_for_excel,Pass Txn,Pass Txn Group By Columns,Pass_txn_for_excel,Unnamed: 12,Unnamed: 13,Unnamed: 14,Unnamed: 15
,,(Published in GSTN Portal),(ListName.ObjectName.AttributeName),,,,,,,,,Data Type,Data Format,Sample Data,Is Mandatory or Optional
1,1.0,Version,Version,"'Version',",Version,"'Version',","'1|Version|Version',Version,","Version,","'1|Version|Version',Version,","Version,","Version,",String(10),,1.01,Mandatory
1.1,2.0,IRN,Irn,"'IRN',",IRN,"'Irn',","'2|Irn|IRN',Irn,","Irn,","'2|Irn|IRN',Irn,","Irn,","Irn,",,,,Optional
1.2,3.0,Supply_Type_Code,TranDtls.SupTyp,"'Supply_Type_Code',",Supply_Type_Code,"'TranDtlsSupTyp',","'3|TranDtlsSupTyp|Supply_Type_Code',TranDtlsSupTyp,","TranDtlsSupTyp,","'3|TranDtlsSupTyp|Supply_Type_Code',TranDtlsSupTyp,","TranDtlsSupTyp,","TranDtlsSupTyp,",String(10),"B2B  ,SEZWP , SEZWOP, EXP
WP , EXPWOP , DEXP 

","B2B

",Mandatory
1.3,4.0,Document_Type_Code,DocDtls.Typ,"'Document_Type_Code',",Document_Type_Code,"'DocDtlsTyp',","'4|DocDtlsTyp|Document_Type_Code',DocDtlsTyp,","DocDtlsTyp,","'4|DocDtlsTyp|Document_Type_Code',DocDtlsTyp,","DocDtlsTyp,","DocDtlsTyp,",String(11),"INV-Invoice ,CRN-Credit Note, DBN-Debit Note",INV,Mandatory
1.4,5.0,Document_Num,DocDtls.No,"'Document_Num',",Document_Num,"'DocDtlsNo',","'5|DocDtlsNo|Document_Num',DocDtlsNo,","DocDtlsNo,","'5|DocDtlsNo|Document_Num',DocDtlsNo,","DocDtlsNo,","DocDtlsNo,",String (16),"Alphanumeric, / , - ", 455/1,Mandatory
1.5,6.0,Document_Date,DocDtls.Dt,"'Document_Date',",Document_Date,"'DocDtlsDt',","'6|DocDtlsDt|Document_Date',DocDtlsDt,","DocDtlsDt,","'6|DocDtlsDt|Document_Date',DocDtlsDt,","DocDtlsDt,","DocDtlsDt,",String (10),DD/MM/YYYY,  21/11/2019,Mandatory
1.6,7.0,Additional_Currency_Code,ExpDtls.ForCur,"'Additional_Currency_Code',",Additional_Currency_Code,"'ExpDtlsForCur',","'7|ExpDtlsForCur|Additional_Currency_Code',ExpDtlsForCur,","ExpDtlsForCur,","'7|ExpDtlsForCur|Additional_Currency_Code',ExpDtlsForCur,","ExpDtlsForCur,","ExpDtlsForCur,",String (16) ,(Refer Currency Master),USD,Optional
1.7,8.0,Reverse_Charge,TranDtls.RegRev,"'Reverse_Charge',",Reverse_Charge,"'TranDtlsRegRev',","'8|TranDtlsRegRev|Reverse_Charge',TranDtlsRegRev,","TranDtlsRegRev,","'8|TranDtlsRegRev|Reverse_Charge',TranDtlsRegRev,","TranDtlsRegRev,","TranDtlsRegRev,",Character,Y-Yes / N -No,Y,Optional
1.8,9.0,IGST_on_IntraState_Supply,TranDtls.IgstOnIntra,"'IGST_on_IntraState_Supply',",IGST_on_IntraState_Supply,"'TranDtlsIgstOnIntra',","'9|TranDtlsIgstOnIntra|IGST_on_IntraState_Supply',TranDtlsIgstOnIntra,","TranDtlsIgstOnIntra,","'9|TranDtlsIgstOnIntra|IGST_on_IntraState_Supply',TranDtlsIgstOnIntra,","TranDtlsIgstOnIntra,","TranDtlsIgstOnIntra,",String(1),Y-Yes / N -No,,Optional
2.1,10.0,Document_Period_Start _Date,RefDtls.DocPerdDtls.InvStDt,"'Document_Period_Start _Date',",Document_Period_Start _Date,"'RefDtlsDocPerdDtlsInvStDt',","'10|RefDtlsDocPerdDtlsInvStDt|Document_Period_Start_Date',RefDtlsDocPerdDtlsInvStDt,","RefDtlsDocPerdDtlsInvStDt,","'10|RefDtlsDocPerdDtlsInvStDt|Document_Period_Start_Date',RefDtlsDocPerdDtlsInvStDt,","RefDtlsDocPerdDtlsInvStDt,","RefDtlsDocPerdDtlsInvStDt,",String (10),DD/MM/YYYY,  21/11/2019,Mandatory
2.2,11.0,Document_Period_End_ Date,RefDtls.DocPerdDtls.InvEndDt,"'Document_Period_End_ Date',",Document_Period_End_ Date,"'RefDtlsDocPerdDtlsInvEndDt',","'11|RefDtlsDocPerdDtlsInvEndDt|Document_Period_End_Date',RefDtlsDocPerdDtlsInvEndDt,","RefDtlsDocPerdDtlsInvEndDt,","'11|RefDtlsDocPerdDtlsInvEndDt|Document_Period_End_Date',RefDtlsDocPerdDtlsInvEndDt,","RefDtlsDocPerdDtlsInvEndDt,","RefDtlsDocPerdDtlsInvEndDt,",String(10),DD/MM/YYYY,  21/11/2019,Mandatory
3.1.1,12.0,Preceding_Document_ Number,RefDtls.PrecDocDtls.InvNo,"'Preceding_Document_ Number',",Preceding_Document_ Number,"'RefDtlsPrecDocDtlsInvNo',","'12|RefDtlsPrecDocDtlsInvNo|Preceding_Document_Number',RefDtlsPrecDocDtlsInvNo,","RefDtlsPrecDocDtlsInvNo,","'12|RefDtlsPrecDocDtlsInvNo|Preceding_Document_Number',MAX(RefDtlsPrecDocDtlsInvNo),",,"MAX(RefDtlsPrecDocDtlsInvNo),",String(16),"""Pattern"" : ^[1-9A-Za-z]{1}[0-9A-Za-z/-]{3,15}$
""minLength"": 3,
""maxLength"": 16",YGlSB2I7p,Mandatory
3.1.2,13.0,Preceding_Document_ Date,RefDtls.PrecDocDtls.InvDt,"'Preceding_Document_ Date',",Preceding_Document_ Date,"'RefDtlsPrecDocDtlsInvDt',","'13|RefDtlsPrecDocDtlsInvDt|Preceding_Document_Date',RefDtlsPrecDocDtlsInvDt,","RefDtlsPrecDocDtlsInvDt,","'13|RefDtlsPrecDocDtlsInvDt|Preceding_Document_Date',MAX(RefDtlsPrecDocDtlsInvDt),",,"MAX(RefDtlsPrecDocDtlsInvDt),",String(10),DD/MM/YYYY,  21/11/2019,Mandatory
3.1.3,14.0,Other_ Reference,RefDtls.PrecDocDtls.OthRefNo,"'Other_ Reference',",Other_ Reference,"'RefDtlsPrecDocDtlsOthRefNo',","'14|RefDtlsPrecDocDtlsOthRefNo|Other_Reference',RefDtlsPrecDocDtlsOthRefNo,","RefDtlsPrecDocDtlsOthRefNo,","'14|RefDtlsPrecDocDtlsOthRefNo|Other_Reference',MAX(RefDtlsPrecDocDtlsOthRefNo),",,"MAX(RefDtlsPrecDocDtlsOthRefNo),",String(20),"minLength: 3,maxLength: 20",,Optional
3.2.1,15.0,Receipt_Advice_Reference,RefDtls.ContrDtls.RecAdvRefr,"'Receipt_Advice_Reference',",Receipt_Advice_Reference,"'RefDtlsContrDtlsRecAdvRefr',","'15|RefDtlsContrDtlsRecAdvRefr|Receipt_Advice_Reference',RefDtlsContrDtlsRecAdvRefr,","RefDtlsContrDtlsRecAdvRefr,","'15|RefDtlsContrDtlsRecAdvRefr|Receipt_Advice_Reference',MAX(RefDtlsContrDtlsRecAdvRefr),",,"MAX(RefDtlsContrDtlsRecAdvRefr),",String(20),"pattern: ""^([0-9A-Z-a-z/]){3,20}$"",""minLength"": 3,""maxLength"": 20",xprQoA,Optional
3.2.2,16.0,Receipt_Advice _Date,RefDtls.ContrDtls.RecAdvDt,"'Receipt_Advice _Date',",Receipt_Advice _Date,"'RefDtlsContrDtlsRecAdvDt',","'16|RefDtlsContrDtlsRecAdvDt|Receipt_Advice_Date',RefDtlsContrDtlsRecAdvDt,","RefDtlsContrDtlsRecAdvDt,","'16|RefDtlsContrDtlsRecAdvDt|Receipt_Advice_Date',MAX(RefDtlsContrDtlsRecAdvDt),",,"MAX(RefDtlsContrDtlsRecAdvDt),",String (10),DD/MM/YYYY,  21/11/2019,
3.2.3,17.0,Tender_or_Lot_Reference,RefDtls.ContrDtls.TendRefr,"'Tender_or_Lot_Reference',",Tender_or_Lot_Reference,"'RefDtlsContrDtlsTendRefr',","'17|RefDtlsContrDtlsTendRefr|Tender_or_Lot_Reference',RefDtlsContrDtlsTendRefr,","RefDtlsContrDtlsTendRefr,","'17|RefDtlsContrDtlsTendRefr|Tender_or_Lot_Reference',MAX(RefDtlsContrDtlsTendRefr),",,"MAX(RefDtlsContrDtlsTendRefr),",String(20),"pattern: ""^([0-9A-Z-a-z/]){3,20}$"",""minLength"": 3,""maxLength"": 20",xprQoA,Optional
3.2.4,18.0,Contract_Reference,RefDtls.ContrDtls.ContrRefr,"'Contract_Reference',",Contract_Reference,"'RefDtlsContrDtlsContrRefr',","'18|RefDtlsContrDtlsContrRefr|Contract_Reference',RefDtlsContrDtlsContrRefr,","RefDtlsContrDtlsContrRefr,","'18|RefDtlsContrDtlsContrRefr|Contract_Reference',MAX(RefDtlsContrDtlsContrRefr),",,"MAX(RefDtlsContrDtlsContrRefr),",String(20),"pattern: ""^([0-9A-Z-a-z/]){3,20}$"",""minLength"": 3,""maxLength"": 20",xprQoA,Optional
3.2.5,19.0,External_Reference,RefDtls.ContrDtls.ExtRefr,"'External_Reference',",External_Reference,"'RefDtlsContrDtlsExtRefr',","'19|RefDtlsContrDtlsExtRefr|External_Reference',RefDtlsContrDtlsExtRefr,","RefDtlsContrDtlsExtRefr,","'19|RefDtlsContrDtlsExtRefr|External_Reference',MAX(RefDtlsContrDtlsExtRefr),",,"MAX(RefDtlsContrDtlsExtRefr),",String(20),"pattern: ""^([0-9A-Z-a-z/]){3,20}$"",""minLength"": 3,""maxLength"": 20",xprQoA,Optional
3.2.6,20.0,Project_Reference,RefDtls.ContrDtls.ProjRefr,"'Project_Reference',",Project_Reference,"'RefDtlsContrDtlsProjRefr',","'20|RefDtlsContrDtlsProjRefr|Project_Reference',RefDtlsContrDtlsProjRefr,","RefDtlsContrDtlsProjRefr,","'20|RefDtlsContrDtlsProjRefr|Project_Reference',MAX(RefDtlsContrDtlsProjRefr),",,"MAX(RefDtlsContrDtlsProjRefr),",String(20),"pattern: ""^([0-9A-Z-a-z/]){3,20}$"",""minLength"": 3,""maxLength"": 20",xprQoA,Optional
3.2.7,21.0,PO_Ref_Num,RefDtls.ContrDtls.PORefr,"'PO_Ref_Num',",PO_Ref_Num,"'RefDtlsContrDtlsPORefr',","'21|RefDtlsContrDtlsPORefr|PO_Ref_Num',RefDtlsContrDtlsPORefr,","RefDtlsContrDtlsPORefr,","'21|RefDtlsContrDtlsPORefr|PO_Ref_Num',MAX(RefDtlsContrDtlsPORefr),",,"MAX(RefDtlsContrDtlsPORefr),",String(16),"pattern: ""^([0-9A-Z-a-z/]){3,16}$"",""maxLength"": 16,
							""minLength"": 3",b5jfRdG,Optional
3.2.8,22.0,PO_Ref_Date,RefDtls.ContrDtls.PORefDt,"'PO_Ref_Date',",PO_Ref_Date,"'RefDtlsContrDtlsPORefDt',","'22|RefDtlsContrDtlsPORefDt|PO_Ref_Date',RefDtlsContrDtlsPORefDt,","RefDtlsContrDtlsPORefDt,","'22|RefDtlsContrDtlsPORefDt|PO_Ref_Date',MAX(RefDtlsContrDtlsPORefDt),",,"MAX(RefDtlsContrDtlsPORefDt),",String (10),DD/MM/YYYY,  21/11/2019,Optional
4.1,23.0,Supplier_Legal_Name,SellerDtls.LglNm,"'Supplier_Legal_Name',",Supplier_Legal_Name,"'SellerDtlsLglNm',","'23|SellerDtlsLglNm|Supplier_Legal_Name',SellerDtlsLglNm,","SellerDtlsLglNm,","'23|SellerDtlsLglNm|Supplier_Legal_Name',SellerDtlsLglNm,","SellerDtlsLglNm,","SellerDtlsLglNm,",String(100),"minLength: 3,""maxLength"": 100,",AISHWARYA ENTERPRISES,Mandatory
4.2,24.0,Supplier_Trade_Name,SellerDtls.TrdNm,"'Supplier_Trade_Name',",Supplier_Trade_Name,"'SellerDtlsTrdNm',","'24|SellerDtlsTrdNm|Supplier_Trade_Name',SellerDtlsTrdNm,","SellerDtlsTrdNm,","'24|SellerDtlsTrdNm|Supplier_Trade_Name',SellerDtlsTrdNm,","SellerDtlsTrdNm,","SellerDtlsTrdNm,",String(100),"minLength: 3,""maxLength"": 100,",AISHWARYA ENTERPRISES,Optional
4.3,25.0,Supplier_GSTIN,SellerDtls.Gstin,"'Supplier_GSTIN',",Supplier_GSTIN,"'SellerDtlsGstin',","'25|SellerDtlsGstin|Supplier_GSTIN',SellerDtlsGstin,","SellerDtlsGstin,","'25|SellerDtlsGstin|Supplier_GSTIN',SellerDtlsGstin,","SellerDtlsGstin,","SellerDtlsGstin,",String(15),"pattern: ""([0-9]{2}[0-9A-Z]{13})"",""minLength"": 15,_x000D_
				""maxLength"": 15,",29BZNPM9430M1KL ,Mandatory
4.4,26.0,Supplier_Address1,SellerDtls.Addr1,"'Supplier_Address1',",Supplier_Address1,"'SellerDtlsAddr1',","'26|SellerDtlsAddr1|Supplier_Address1',SellerDtlsAddr1,","SellerDtlsAddr1,","'26|SellerDtlsAddr1|Supplier_Address1',SellerDtlsAddr1,","SellerDtlsAddr1,","SellerDtlsAddr1,",String(100),"minLength: 3,""maxLength"": 100,",1ST FLOOR,Mandatory
4.5,27.0,Supplier_Address2,SellerDtls.Addr2,"'Supplier_Address2',",Supplier_Address2,"'SellerDtlsAddr2',","'27|SellerDtlsAddr2|Supplier_Address2',SellerDtlsAddr2,","SellerDtlsAddr2,","'27|SellerDtlsAddr2|Supplier_Address2',SellerDtlsAddr2,","SellerDtlsAddr2,","SellerDtlsAddr2,",String(100),"minLength: 3,""maxLength"": 100,",BANGALORE,Optional
4.6,28.0,Supplier_Place,SellerDtls.Loc,"'Supplier_Place',",Supplier_Place,"'SellerDtlsLoc',","'28|SellerDtlsLoc|Supplier_Place',SellerDtlsLoc,","SellerDtlsLoc,","'28|SellerDtlsLoc|Supplier_Place',SellerDtlsLoc,","SellerDtlsLoc,","SellerDtlsLoc,",String(50),"minLength: 3,""maxLength"": 50,",BANGALORE,Mandatory
4.7,29.0,	Supplier_State_Code,SellerDtls.Stcd,"'	Supplier_State_Code',",	Supplier_State_Code,"'SellerDtlsStcd',","'29|SellerDtlsStcd|	Supplier_State_Code',SellerDtlsStcd,","SellerDtlsStcd,","'29|SellerDtlsStcd|	Supplier_State_Code',SellerDtlsStcd,","SellerDtlsStcd,","SellerDtlsStcd,",String(50),"minLength: 3,""maxLength"": 50,",Karnataka,Mandatory
4.8,30.0,Supplier_Pincode,SellerDtls.Pin,"'Supplier_Pincode',",Supplier_Pincode,"'SellerDtlsPin',","'30|SellerDtlsPin|Supplier_Pincode',SellerDtlsPin,","SellerDtlsPin,","'30|SellerDtlsPin|Supplier_Pincode',SellerDtlsPin,","SellerDtlsPin,","SellerDtlsPin,",Number(6),"minLength: 100000,""maxLength"": 999999,",560002,Mandatory
4.9,31.0,Supplier_Phone,SellerDtls.Ph,"'Supplier_Phone',",Supplier_Phone,"'SellerDtlsPh',","'31|SellerDtlsPh|Supplier_Phone',SellerDtlsPh,","SellerDtlsPh,","'31|SellerDtlsPh|Supplier_Phone',SellerDtlsPh,","SellerDtlsPh,","SellerDtlsPh,",String(12),"minLength: 10,""maxLength"": 12,",1234567809,Optional
4.1,32.0,Supplier_Email,SellerDtls.Em,"'Supplier_Email',",Supplier_Email,"'SellerDtlsEm',","'32|SellerDtlsEm|Supplier_Email',SellerDtlsEm,","SellerDtlsEm,","'32|SellerDtlsEm|Supplier_Email',SellerDtlsEm,","SellerDtlsEm,","SellerDtlsEm,",String (100),"minLength: 6,""maxLength"": 100,",AH@GM.COM,Optional
5.1,33.0,Buyer_Legal_Name,BuyerDtls.LglNm,"'Buyer_Legal_Name',",Buyer_Legal_Name,"'BuyerDtlsLglNm',","'33|BuyerDtlsLglNm|Buyer_Legal_Name',BuyerDtlsLglNm,","BuyerDtlsLglNm,","'33|BuyerDtlsLglNm|Buyer_Legal_Name',BuyerDtlsLglNm,","BuyerDtlsLglNm,","BuyerDtlsLglNm,",String(100),"minLength: 3,""maxLength"": 100,",AISHWARYA ENTERPRISES,Mandatory
5.2,34.0,Buyer_Trade_Name,BuyerDtls.TrdNm,"'Buyer_Trade_Name',",Buyer_Trade_Name,"'BuyerDtlsTrdNm',","'34|BuyerDtlsTrdNm|Buyer_Trade_Name',BuyerDtlsTrdNm,","BuyerDtlsTrdNm,","'34|BuyerDtlsTrdNm|Buyer_Trade_Name',BuyerDtlsTrdNm,","BuyerDtlsTrdNm,","BuyerDtlsTrdNm,",String(100),"minLength: 3,""maxLength"": 100,",AISHWARYA ENTERPRISES,Optional
5.3,35.0,Buyer_GSTIN,BuyerDtls.Gstin,"'Buyer_GSTIN',",Buyer_GSTIN,"'BuyerDtlsGstin',","'35|BuyerDtlsGstin|Buyer_GSTIN',BuyerDtlsGstin,","BuyerDtlsGstin,","'35|BuyerDtlsGstin|Buyer_GSTIN',BuyerDtlsGstin,","BuyerDtlsGstin,","BuyerDtlsGstin,",String(15),"pattern: ""^(([0-9]{2}[0-9A-Z]{13})|URP)$"",""minLength"": 3,_x000D_
				""maxLength"": 15,",29AZNPM8430M1KM,Mandatory
5.4,36.0,POS,BuyerDtls.Pos,"'POS',",POS,"'BuyerDtlsPos',","'36|BuyerDtlsPos|POS',BuyerDtlsPos,","BuyerDtlsPos,","'36|BuyerDtlsPos|POS',BuyerDtlsPos,","BuyerDtlsPos,","BuyerDtlsPos,",String(2),"minLength: 1,""maxLength"": 2,",29,Mandatory
5.5,37.0,Buyer_Address1,BuyerDtls.Addr1,"'Buyer_Address1',",Buyer_Address1,"'BuyerDtlsAddr1',","'37|BuyerDtlsAddr1|Buyer_Address1',BuyerDtlsAddr1,","BuyerDtlsAddr1,","'37|BuyerDtlsAddr1|Buyer_Address1',BuyerDtlsAddr1,","BuyerDtlsAddr1,","BuyerDtlsAddr1,",String(100),"minLength: 3,""maxLength"": 100,",1ST FLOOR,Mandatory
5.6,38.0,Buyer_Address2,BuyerDtls.Addr2,"'Buyer_Address2',",Buyer_Address2,"'BuyerDtlsAddr2',","'38|BuyerDtlsAddr2|Buyer_Address2',BuyerDtlsAddr2,","BuyerDtlsAddr2,","'38|BuyerDtlsAddr2|Buyer_Address2',BuyerDtlsAddr2,","BuyerDtlsAddr2,","BuyerDtlsAddr2,",String(100),"minLength: 3,""maxLength"": 100,",BANGALORE,Optional
5.7,39.0,Buyer_Place,BuyerDtls.Loc,"'Buyer_Place',",Buyer_Place,"'BuyerDtlsLoc',","'39|BuyerDtlsLoc|Buyer_Place',BuyerDtlsLoc,","BuyerDtlsLoc,","'39|BuyerDtlsLoc|Buyer_Place',BuyerDtlsLoc,","BuyerDtlsLoc,","BuyerDtlsLoc,",String(100),"minLength: 3,""maxLength"": 100,",M G ROAD,Mandatory
5.8,40.0,	Buyer_State_Code,BuyerDtls.Stcd,"'	Buyer_State_Code',",	Buyer_State_Code,"'BuyerDtlsStcd',","'40|BuyerDtlsStcd|	Buyer_State_Code',BuyerDtlsStcd,","BuyerDtlsStcd,","'40|BuyerDtlsStcd|	Buyer_State_Code',BuyerDtlsStcd,","BuyerDtlsStcd,","BuyerDtlsStcd,",String(50),"minLength: 3,""maxLength"": 50,",Karnataka,Optional
5.9,41.0,Buyer_Pincode,BuyerDtls.Pin,"'Buyer_Pincode',",Buyer_Pincode,"'BuyerDtlsPin',","'41|BuyerDtlsPin|Buyer_Pincode',BuyerDtlsPin,","BuyerDtlsPin,","'41|BuyerDtlsPin|Buyer_Pincode',BuyerDtlsPin,","BuyerDtlsPin,","BuyerDtlsPin,",Number(6),"minLength: 100000,""maxLength"": 999999,",560045,Optional
5.1,42.0,Country_Code_of_Export,ExpDtls.CntCode,"'Country_Code_of_Export',",Country_Code_of_Export,"'ExpDtlsCntCode',","'42|ExpDtlsCntCode|Country_Code_of_Export',ExpDtlsCntCode,","ExpDtlsCntCode,","'42|ExpDtlsCntCode|Country_Code_of_Export',ExpDtlsCntCode,","ExpDtlsCntCode,","ExpDtlsCntCode,",String(2),(Refer Country Master),FR,Optional
5.11,43.0,Buyer_Phone,BuyerDtls.Ph,"'Buyer_Phone',",Buyer_Phone,"'BuyerDtlsPh',","'43|BuyerDtlsPh|Buyer_Phone',BuyerDtlsPh,","BuyerDtlsPh,","'43|BuyerDtlsPh|Buyer_Phone',BuyerDtlsPh,","BuyerDtlsPh,","BuyerDtlsPh,",String(12),"minLength: 10,""maxLength"": 12,",1234567809,Optional
5.12,44.0,Buyer_email_ID,BuyerDtls.Em,"'Buyer_email_ID',",Buyer_email_ID,"'BuyerDtlsEm',","'44|BuyerDtlsEm|Buyer_email_ID',BuyerDtlsEm,","BuyerDtlsEm,","'44|BuyerDtlsEm|Buyer_email_ID',BuyerDtlsEm,","BuyerDtlsEm,","BuyerDtlsEm,",String (100),"minLength: 6,""maxLength"": 100,",AMHJ@GM.COM,Optional
6.1,45.0,Payee_Name,PayDtls.Nm,"'Payee_Name',",Payee_Name,"'PayDtlsNm',","'45|PayDtlsNm|Payee_Name',PayDtlsNm,","PayDtlsNm,","'45|PayDtlsNm|Payee_Name',PayDtlsNm,","PayDtlsNm,","PayDtlsNm,",String(100),"minLength: 3,""maxLength"": 100,",RAJESH,Optional
6.2,46.0,Payee_Financial_Account_Number,PayDtls.AccDet,"'Payee_Financial_Account_Number',",Payee_Financial_Account_Number,"'PayDtlsAccDet',","'46|PayDtlsAccDet|Payee_Financial_Account_Number',PayDtlsAccDet,","PayDtlsAccDet,","'46|PayDtlsAccDet|Payee_Financial_Account_Number',PayDtlsAccDet,","PayDtlsAccDet,","PayDtlsAccDet,",String(18),"minLength: 3,""maxLength"": 18,",34443434444,Optional
6.3,47.0,Mode_of_Payment,PayDtls.Mode,"'Mode_of_Payment',",Mode_of_Payment,"'PayDtlsMode',","'47|PayDtlsMode|Mode_of_Payment',PayDtlsMode,","PayDtlsMode,","'47|PayDtlsMode|Mode_of_Payment',PayDtlsMode,","PayDtlsMode,","PayDtlsMode,",String(18),"minLength: 3,""maxLength"": 18,",CASH,Optional
6.4,48.0,Financial_Institution _Branch_Code,PayDtls.FinInsBr,"'Financial_Institution _Branch_Code',",Financial_Institution _Branch_Code,"'PayDtlsFinInsBr',","'48|PayDtlsFinInsBr|Financial_Institution_Branch_Code',PayDtlsFinInsBr,","PayDtlsFinInsBr,","'48|PayDtlsFinInsBr|Financial_Institution_Branch_Code',PayDtlsFinInsBr,","PayDtlsFinInsBr,","PayDtlsFinInsBr,",String(11),"minLength: 3,""maxLength"": 11,",SBI018888,Optional
6.5,49.0,Payment_Terms,PayDtls.PayTerm,"'Payment_Terms',",Payment_Terms,"'PayDtlsPayTerm',","'49|PayDtlsPayTerm|Payment_Terms',PayDtlsPayTerm,","PayDtlsPayTerm,","'49|PayDtlsPayTerm|Payment_Terms',PayDtlsPayTerm,","PayDtlsPayTerm,","PayDtlsPayTerm,",String(100),"minLength: 3,""maxLength"": 100,",,Optional
6.6,50.0,Payment_Instruction,PayDtls.PayInstr,"'Payment_Instruction',",Payment_Instruction,"'PayDtlsPayInstr',","'50|PayDtlsPayInstr|Payment_Instruction',PayDtlsPayInstr,","PayDtlsPayInstr,","'50|PayDtlsPayInstr|Payment_Instruction',PayDtlsPayInstr,","PayDtlsPayInstr,","PayDtlsPayInstr,",String(100),"minLength: 3,""maxLength"": 100,",,Optional
6.7,51.0,Credit_Transfer_Terms,PayDtls.CrTrn,"'Credit_Transfer_Terms',",Credit_Transfer_Terms,"'PayDtlsCrTrn',","'51|PayDtlsCrTrn|Credit_Transfer_Terms',PayDtlsCrTrn,","PayDtlsCrTrn,","'51|PayDtlsCrTrn|Credit_Transfer_Terms',PayDtlsCrTrn,","PayDtlsCrTrn,","PayDtlsCrTrn,",String(100),"minLength: 3,""maxLength"": 100,",,Optional
6.8,52.0,Direct_Debit_Terms,PayDtls.DirDr,"'Direct_Debit_Terms',",Direct_Debit_Terms,"'PayDtlsDirDr',","'52|PayDtlsDirDr|Direct_Debit_Terms',PayDtlsDirDr,","PayDtlsDirDr,","'52|PayDtlsDirDr|Direct_Debit_Terms',PayDtlsDirDr,","PayDtlsDirDr,","PayDtlsDirDr,",String(100),"minLength: 3,""maxLength"": 100,",,Optional
6.9,53.0,Credit_Days,PayDtls.CrDay,"'Credit_Days',",Credit_Days,"'PayDtlsCrDay',","'53|PayDtlsCrDay|Credit_Days',PayDtlsCrDay,","PayDtlsCrDay,","'53|PayDtlsCrDay|Credit_Days',PayDtlsCrDay,","PayDtlsCrDay,","PayDtlsCrDay,",Numeric(4),"minLength: 0,""maxLength"": 9999,",999,Optional
10.1,54.0,Tax_Scheme,TranDtls.TaxSch,"'Tax_Scheme',",Tax_Scheme,"'TranDtlsTaxSch',","'54|TranDtlsTaxSch|Tax_Scheme',TranDtlsTaxSch,","TranDtlsTaxSch,","'54|TranDtlsTaxSch|Tax_Scheme',TranDtlsTaxSch,","TranDtlsTaxSch,","TranDtlsTaxSch,",String(10),,GST,Mandatory
10.2,55.0,Remarks,RefDtls.InvRm,"'Remarks',",Remarks,"'RefDtlsInvRm',","'55|RefDtlsInvRm|Remarks',RefDtlsInvRm,","RefDtlsInvRm,","'55|RefDtlsInvRm|Remarks',RefDtlsInvRm,","RefDtlsInvRm,","RefDtlsInvRm,",String (100),"pattern: ""^[0-9A-Za-z/-]{3,100}$"",""maxLength"": 100,_x000D_
				""minLength"": 3,",hPKD,Optional
10.3,56.0,Port_Code,ExpDtls.Port,"'Port_Code',",Port_Code,"'ExpDtlsPort',","'56|ExpDtlsPort|Port_Code',ExpDtlsPort,","ExpDtlsPort,","'56|ExpDtlsPort|Port_Code',ExpDtlsPort,","ExpDtlsPort,","ExpDtlsPort,",String(10),(Refer Port Master),INMAA4,Optional
10.4,57.0,Shipping_Bill_Number,ExpDtls.ShipBNo,"'Shipping_Bill_Number',",Shipping_Bill_Number,"'ExpDtlsShipBNo',","'57|ExpDtlsShipBNo|Shipping_Bill_Number',ExpDtlsShipBNo,","ExpDtlsShipBNo,","'57|ExpDtlsShipBNo|Shipping_Bill_Number',ExpDtlsShipBNo,","ExpDtlsShipBNo,","ExpDtlsShipBNo,",String(20),"minLength: 3,""maxLength"": 20,",5666,Optional
10.5,58.0,Shipping_Bill_Date,ExpDtls.ShipBDt,"'Shipping_Bill_Date',",Shipping_Bill_Date,"'ExpDtlsShipBDt',","'58|ExpDtlsShipBDt|Shipping_Bill_Date',ExpDtlsShipBDt,","ExpDtlsShipBDt,","'58|ExpDtlsShipBDt|Shipping_Bill_Date',ExpDtlsShipBDt,","ExpDtlsShipBDt,","ExpDtlsShipBDt,",String (10),DD/MM/YYYY,  21/11/2019,Optional
,59.0,Export_Duty_Amount,ExpDtls.ExpDuty,"'Export_Duty_Amount',",Export_Duty_Amount,"'ExpDtlsExpDuty',","'59|ExpDtlsExpDuty|Export_Duty_Amount',ExpDtlsExpDuty,","ExpDtlsExpDuty,","'59|ExpDtlsExpDuty|Export_Duty_Amount',ExpDtlsExpDuty,","ExpDtlsExpDuty,","ExpDtlsExpDuty,","Numeric(14,2)",,,Optional
10.6,60.0,Supplier_Can_Opt_Refund?,ExpDtls.RefClm,"'Supplier_Can_Opt_Refund?',",Supplier_Can_Opt_Refund?,"'ExpDtlsRefClm',","'60|ExpDtlsRefClm|Supplier_Can_Opt_Refund?',ExpDtlsRefClm,","ExpDtlsRefClm,","'60|ExpDtlsRefClm|Supplier_Can_Opt_Refund?',ExpDtlsRefClm,","ExpDtlsRefClm,","ExpDtlsRefClm,",String(1),Y-Yes / N -No,,Optional
10.7,61.0,ECOM_GSTIN,TranDtls.EcmGstin,"'ECOM_GSTIN',",ECOM_GSTIN,"'TranDtlsEcmGstin',","'61|TranDtlsEcmGstin|ECOM_GSTIN',TranDtlsEcmGstin,","TranDtlsEcmGstin,","'61|TranDtlsEcmGstin|ECOM_GSTIN',TranDtlsEcmGstin,","TranDtlsEcmGstin,","TranDtlsEcmGstin,",String(15),"pattern: ""([0-9]{2}[0-9A-Z]{13})"",""minLength"": 15,_x000D_
				""maxLength"": 15,",37BZNPM9430M1KL ,Optional
11.1,62.0,Additional_Supportin g_Documents_URL,AddlDocDtls.Url,"'Additional_Supportin g_Documents_URL',",Additional_Supportin g_Documents_URL,"'AddlDocDtlsUrl',","'62|AddlDocDtlsUrl|Additional_Supporting_Documents_URL',AddlDocDtlsUrl,","AddlDocDtlsUrl,","'62|AddlDocDtlsUrl|Additional_Supporting_Documents_URL',MAX(AddlDocDtlsUrl),",,"MAX(AddlDocDtlsUrl),",,"minLength: 3,""maxLength"": 100,",,
11.2,63.0,Additional_Supporting _Documents_base64,AddlDocDtls.Docs,"'Additional_Supporting _Documents_base64',",Additional_Supporting _Documents_base64,"'AddlDocDtlsDocs',","'63|AddlDocDtlsDocs|Additional_Supporting_Documents_base64',AddlDocDtlsDocs,","AddlDocDtlsDocs,","'63|AddlDocDtlsDocs|Additional_Supporting_Documents_base64',MAX(AddlDocDtlsDocs),",,"MAX(AddlDocDtlsDocs),",,"minLength: 3,""maxLength"": 1000,",,
11.3,64.0,Additional_Information,AddlDocDtls.Info,"'Additional_Information',",Additional_Information,"'AddlDocDtlsInfo',","'64|AddlDocDtlsInfo|Additional_Information',AddlDocDtlsInfo,","AddlDocDtlsInfo,","'64|AddlDocDtlsInfo|Additional_Information',MAX(AddlDocDtlsInfo),",,"MAX(AddlDocDtlsInfo),",,"minLength: 3,""maxLength"": 1000,",,
12.1,65.0,Transporter_ID,EwbDtls.TransId,"'Transporter_ID',",Transporter_ID,"'EwbDtlsTransId',","'65|EwbDtlsTransId|Transporter_ID',EwbDtlsTransId,","EwbDtlsTransId,","'65|EwbDtlsTransId|Transporter_ID',EwbDtlsTransId,","EwbDtlsTransId,","EwbDtlsTransId,",String(15),"minLength: 15,""maxLength"": 15,",29AADFV7589C1ZO ,Optional
12.2,66.0,Trans_Mode,EwbDtls.TransMode,"'Trans_Mode',",Trans_Mode,"'EwbDtlsTransMode',","'66|EwbDtlsTransMode|Trans_Mode',EwbDtlsTransMode,","EwbDtlsTransMode,","'66|EwbDtlsTransMode|Trans_Mode',EwbDtlsTransMode,","EwbDtlsTransMode,","EwbDtlsTransMode,",String(1),"""description"": ""Mode of transport (Road-1, Rail-2, Air-3, Ship-4)"",""maxLength"": 1,_x000D_
				""minLength"": 1,",1/2/3/4,Mandatory
12.3,67.0,Trans_Distance,EwbDtls.Distance,"'Trans_Distance',",Trans_Distance,"'EwbDtlsDistance',","'67|EwbDtlsDistance|Trans_Distance',EwbDtlsDistance,","EwbDtlsDistance,","'67|EwbDtlsDistance|Trans_Distance',EwbDtlsDistance,","EwbDtlsDistance,","EwbDtlsDistance,",Number(4),"minLength: 1,""maxLength"":9999,",1333,Mandatory
12.4,68.0,Transporter_Name,EwbDtls.TransName,"'Transporter_Name',",Transporter_Name,"'EwbDtlsTransName',","'68|EwbDtlsTransName|Transporter_Name',EwbDtlsTransName,","EwbDtlsTransName,","'68|EwbDtlsTransName|Transporter_Name',EwbDtlsTransName,","EwbDtlsTransName,","EwbDtlsTransName,",String(100),"minLength: 3,""maxLength"": 100,",Indigo Transporter,Optional
12.5,69.0,Trans_Doc_No,EwbDtls.TransDocNo,"'Trans_Doc_No',",Trans_Doc_No,"'EwbDtlsTransDocNo',","'69|EwbDtlsTransDocNo|Trans_Doc_No',EwbDtlsTransDocNo,","EwbDtlsTransDocNo,","'69|EwbDtlsTransDocNo|Trans_Doc_No',EwbDtlsTransDocNo,","EwbDtlsTransDocNo,","EwbDtlsTransDocNo,",String(15),"minLength: 1,""maxLength"": 15,",As/34/746,Optional
12.6,70.0,Trans_Doc_Date,EwbDtls.TransDocDt,"'Trans_Doc_Date',",Trans_Doc_Date,"'EwbDtlsTransDocDt',","'70|EwbDtlsTransDocDt|Trans_Doc_Date',EwbDtlsTransDocDt,","EwbDtlsTransDocDt,","'70|EwbDtlsTransDocDt|Trans_Doc_Date',EwbDtlsTransDocDt,","EwbDtlsTransDocDt,","EwbDtlsTransDocDt,",String(10),DD/MM/YYYY,  21/11/2019,Optional
12.7,71.0,Vehicle_No,EwbDtls.VehNo,"'Vehicle_No',",Vehicle_No,"'EwbDtlsVehNo',","'71|EwbDtlsVehNo|Vehicle_No',EwbDtlsVehNo,","EwbDtlsVehNo,","'71|EwbDtlsVehNo|Vehicle_No',EwbDtlsVehNo,","EwbDtlsVehNo,","EwbDtlsVehNo,",String(20),"minLength: 4,""maxLength"": 20,", KA12KA1234,Optional
12.8,72.0,Vehicle_Type,EwbDtls.VehType,"'Vehicle_Type',",Vehicle_Type,"'EwbDtlsVehType',","'72|EwbDtlsVehType|Vehicle_Type',EwbDtlsVehType,","EwbDtlsVehType,","'72|EwbDtlsVehType|Vehicle_Type',EwbDtlsVehType,","EwbDtlsVehType,","EwbDtlsVehType,",String(1),"minLength: 1,""maxLength"": 1,",O / R,Optional
A.1.0.1,73.0,ShipTo_Legal_Name,ShipDtls.LglNm,"'ShipTo_Legal_Name',",ShipTo_Legal_Name,"'ShipDtlsLglNm',","'73|ShipDtlsLglNm|ShipTo_Legal_Name',ShipDtlsLglNm,","ShipDtlsLglNm,","'73|ShipDtlsLglNm|ShipTo_Legal_Name',ShipDtlsLglNm,","ShipDtlsLglNm,","ShipDtlsLglNm,",String(60),"minLength: 3,""maxLength"": 100,",AISHWARYA ENTERPRISES,Mandatory
A.1.0.2,74.0,ShipTo_Trade_Name,ShipDtls.TrdNm,"'ShipTo_Trade_Name',",ShipTo_Trade_Name,"'ShipDtlsTrdNm',","'74|ShipDtlsTrdNm|ShipTo_Trade_Name',ShipDtlsTrdNm,","ShipDtlsTrdNm,","'74|ShipDtlsTrdNm|ShipTo_Trade_Name',ShipDtlsTrdNm,","ShipDtlsTrdNm,","ShipDtlsTrdNm,",String(60),"minLength: 3,""maxLength"": 100,",AISHWARYA ENTERPRISES,Optional
A.1.0.3,75.0,ShipTo_GSTIN,ShipDtls.Gstin,"'ShipTo_GSTIN',",ShipTo_GSTIN,"'ShipDtlsGstin',","'75|ShipDtlsGstin|ShipTo_GSTIN',ShipDtlsGstin,","ShipDtlsGstin,","'75|ShipDtlsGstin|ShipTo_GSTIN',ShipDtlsGstin,","ShipDtlsGstin,","ShipDtlsGstin,",String(15),"""pattern"": ""([0-9]{2}[0-9A-Z]{13})"",""minLength"": 15,
				""maxLength"": 15,
GSTIN or 'URP'",Optional,
A.1.0.4,76.0,ShipTo_Address1,ShipDtls.Addr1,"'ShipTo_Address1',",ShipTo_Address1,"'ShipDtlsAddr1',","'76|ShipDtlsAddr1|ShipTo_Address1',ShipDtlsAddr1,","ShipDtlsAddr1,","'76|ShipDtlsAddr1|ShipTo_Address1',ShipDtlsAddr1,","ShipDtlsAddr1,","ShipDtlsAddr1,",String(100),"minLength: 3,""maxLength"": 100,",1ST FLOOR,Mandatory
A.1.0.5,77.0,ShipTo_Address2,ShipDtls.Addr2,"'ShipTo_Address2',",ShipTo_Address2,"'ShipDtlsAddr2',","'77|ShipDtlsAddr2|ShipTo_Address2',ShipDtlsAddr2,","ShipDtlsAddr2,","'77|ShipDtlsAddr2|ShipTo_Address2',ShipDtlsAddr2,","ShipDtlsAddr2,","ShipDtlsAddr2,",String(100),"minLength: 3,""maxLength"": 100,",BANGALORE,Optional
A.1.0.6,78.0,ShipTo_Place,ShipDtls.Loc,"'ShipTo_Place',",ShipTo_Place,"'ShipDtlsLoc',","'78|ShipDtlsLoc|ShipTo_Place',ShipDtlsLoc,","ShipDtlsLoc,","'78|ShipDtlsLoc|ShipTo_Place',ShipDtlsLoc,","ShipDtlsLoc,","ShipDtlsLoc,",String(100),"minLength: 3,""maxLength"": 50,",M G ROAD,Mandatory
A.1.0.7,79.0,ShipTo_Pincode,ShipDtls.Pin,"'ShipTo_Pincode',",ShipTo_Pincode,"'ShipDtlsPin',","'79|ShipDtlsPin|ShipTo_Pincode',ShipDtlsPin,","ShipDtlsPin,","'79|ShipDtlsPin|ShipTo_Pincode',ShipDtlsPin,","ShipDtlsPin,","ShipDtlsPin,",Number(6),"minLength: 100000,""maxLength"": 999999,",560033,Mandatory
A.1.0.8,80.0,Shipping_To_State_Code,ShipDtls.Stcd,"'Shipping_To_State_Code',",Shipping_To_State_Code,"'ShipDtlsStcd',","'80|ShipDtlsStcd|Shipping_To_State_Code',ShipDtlsStcd,","ShipDtlsStcd,","'80|ShipDtlsStcd|Shipping_To_State_Code',ShipDtlsStcd,","ShipDtlsStcd,","ShipDtlsStcd,",String(2),Refer State Master,29,Mandatory
A.1.1.1,81.0,DispatchFrom_Name,DispDtls.Nm,"'DispatchFrom_Name',",DispatchFrom_Name,"'DispDtlsNm',","'81|DispDtlsNm|DispatchFrom_Name',DispDtlsNm,","DispDtlsNm,","'81|DispDtlsNm|DispatchFrom_Name',DispDtlsNm,","DispDtlsNm,","DispDtlsNm,",String (60),"minLength: 3,""maxLength"": 60,",AISHWARYA ENTERPRISES,Mandatory
A.1.1.2,82.0,DispatchFrom_Address1,DispDtls.Addr1,"'DispatchFrom_Address1',",DispatchFrom_Address1,"'DispDtlsAddr1',","'82|DispDtlsAddr1|DispatchFrom_Address1',DispDtlsAddr1,","DispDtlsAddr1,","'82|DispDtlsAddr1|DispatchFrom_Address1',DispDtlsAddr1,","DispDtlsAddr1,","DispDtlsAddr1,",String(100),"minLength: 3,""maxLength"": 100,",1ST FLOOR,Mandatory
A.1.1.3,83.0,DispatchFrom_Address2,DispDtls.Addr2,"'DispatchFrom_Address2',",DispatchFrom_Address2,"'DispDtlsAddr2',","'83|DispDtlsAddr2|DispatchFrom_Address2',DispDtlsAddr2,","DispDtlsAddr2,","'83|DispDtlsAddr2|DispatchFrom_Address2',DispDtlsAddr2,","DispDtlsAddr2,","DispDtlsAddr2,",String(100),"minLength: 3,""maxLength"": 100,",BANGALORE,Optional
A.1.1.4,84.0,DispatchFrom_Place,DispDtls.Loc,"'DispatchFrom_Place',",DispatchFrom_Place,"'DispDtlsLoc',","'84|DispDtlsLoc|DispatchFrom_Place',DispDtlsLoc,","DispDtlsLoc,","'84|DispDtlsLoc|DispatchFrom_Place',DispDtlsLoc,","DispDtlsLoc,","DispDtlsLoc,",String(100),"minLength: 3,""maxLength"": 100,",M G ROAD,Mandatory
A.1.1.5,85.0,DispatchFrom_State_Code,DispDtls.Stcd,"'DispatchFrom_State_Code',",DispatchFrom_State_Code,"'DispDtlsStcd',","'85|DispDtlsStcd|DispatchFrom_State_Code',DispDtlsStcd,","DispDtlsStcd,","'85|DispDtlsStcd|DispatchFrom_State_Code',DispDtlsStcd,","DispDtlsStcd,","DispDtlsStcd,",String(2),Refer State Master,29,Mandatory
A.1.1.6,86.0,DispatchFrom_Pincode,DispDtls.Pin,"'DispatchFrom_Pincode',",DispatchFrom_Pincode,"'DispDtlsPin',","'86|DispDtlsPin|DispatchFrom_Pincode',DispDtlsPin,","DispDtlsPin,","'86|DispDtlsPin|DispatchFrom_Pincode',DispDtlsPin,","DispDtlsPin,","DispDtlsPin,",Number(6),"minLength: 100000,""maxLength"": 999999,",560066,Mandatory
A.1.2.1,87.0,Sl_No,ItemList.SlNo,"'Sl_No',",Sl_No,"'ItemListSlNo',","'87|ItemListSlNo|Sl_No',ItemListSlNo,","ItemListSlNo,","'87|ItemListSlNo|Sl_No',MAX(ItemListSlNo),",,"MAX(ItemListSlNo),",String (6),"minLength: 1,""maxLength"": 6,",1,Mandatory
A.1.2.2,88.0,Item_Description,ItemList.PrdDesc,"'Item_Description',",Item_Description,"'ItemListPrdDesc',","'88|ItemListPrdDesc|Item_Description',ItemListPrdDesc,","ItemListPrdDesc,","'88|ItemListPrdDesc|Item_Description',MAX(ItemListPrdDesc),",,"MAX(ItemListPrdDesc),",String (300),"minLength: 3,""maxLength"": 300,",SS SQUARE TUBES - 2 INCH,Optional
A.1.2.3,89.0,Is_Service,ItemList.IsServc,"'Is_Service',",Is_Service,"'ItemListIsServc',","'89|ItemListIsServc|Is_Service',ItemListIsServc,","ItemListIsServc,","'89|ItemListIsServc|Is_Service',MAX(ItemListIsServc),",,"MAX(ItemListIsServc),",String (1),Y-Yes / N -No,Y,Mandatory
A.1.2.4,90.0,HSN_Code,ItemList.HsnCd,"'HSN_Code',",HSN_Code,"'ItemListHsnCd',","'90|ItemListHsnCd|HSN_Code',ItemListHsnCd,","ItemListHsnCd,","'90|ItemListHsnCd|HSN_Code',MAX(ItemListHsnCd),",,"MAX(ItemListHsnCd),",String(8),"minLength: 4,""maxLength"": 8,",10011000,Mandatory
A.1.2.6,91.0,Barcode,ItemList.Barcde,"'Barcode',",Barcode,"'ItemListBarcde',","'91|ItemListBarcde|Barcode',ItemListBarcde,","ItemListBarcde,","'91|ItemListBarcde|Barcode',MAX(ItemListBarcde),",,"MAX(ItemListBarcde),",String (30),"minLength: 3,""maxLength"": 30,",4566666,Optional
A.1.2.7,92.0,Quantity,ItemList.Qty,"'Quantity',",Quantity,"'ItemListQty',","'92|ItemListQty|Quantity',ItemListQty,","ItemListQty,","'92|ItemListQty|Quantity',MAX(ItemListQty),",,"MAX(ItemListQty),",String (20),"minLength: 1,""maxLength"": 20,",50,Optional
A.1.2.8,93.0,Free_Qty,ItemList.FreeQty,"'Free_Qty',",Free_Qty,"'ItemListFreeQty',","'93|ItemListFreeQty|Free_Qty',ItemListFreeQty,","ItemListFreeQty,","'93|ItemListFreeQty|Free_Qty',MAX(ItemListFreeQty),",,"MAX(ItemListFreeQty),",String (20),"minLength: 1,""maxLength"": 20,",2,Optional
A.1.2.9,94.0,UOM,ItemList.Unit,"'UOM',",UOM,"'ItemListUnit',","'94|ItemListUnit|UOM',ItemListUnit,","ItemListUnit,","'94|ItemListUnit|UOM',MAX(ItemListUnit),",,"MAX(ItemListUnit),",String(8),"Refer Unit Master,""minLength"": 3,_x000D_
					""maxLength"": 8,",NOS,Optional
A.1.2.10,95.0,Rate,ItemList.UnitPrice,"'Rate',",Rate,"'ItemListUnitPrice',","'95|ItemListUnitPrice|Rate',ItemListUnitPrice,","ItemListUnitPrice,","'95|ItemListUnitPrice|Rate',MAX(ItemListUnitPrice),",,"MAX(ItemListUnitPrice),","Decimal (11,2)","maximum: 99999999999.99,""minimum"": 0",1230,Mandatory
A.1.2.11,96.0,Gross_Amount,ItemList.TotAmt,"'Gross_Amount',",Gross_Amount,"'ItemListTotAmt',","'96|ItemListTotAmt|Gross_Amount',ItemListTotAmt,","ItemListTotAmt,","'96|ItemListTotAmt|Gross_Amount',MAX(ItemListTotAmt),",,"MAX(ItemListTotAmt),","Decimal (11,2)","maximum: 99999999999.99,""minimum"": 0",57250,Mandatory
A.1.2.12,97.0,Discount_Amount,ItemList.Discount,"'Discount_Amount',",Discount_Amount,"'ItemListDiscount',","'97|ItemListDiscount|Discount_Amount',ItemListDiscount,","ItemListDiscount,","'97|ItemListDiscount|Discount_Amount',MAX(ItemListDiscount),",,"MAX(ItemListDiscount),","Decimal (10,2)","maximum: 99999999999.99,""minimum"": 0",100,Optional
A.1.2.13,98.0,Pre_Tax_Value,ItemList.PreTaxVal,"'Pre_Tax_Value',",Pre_Tax_Value,"'ItemListPreTaxVal',","'98|ItemListPreTaxVal|Pre_Tax_Value',ItemListPreTaxVal,","ItemListPreTaxVal,","'98|ItemListPreTaxVal|Pre_Tax_Value',MAX(ItemListPreTaxVal),",,"MAX(ItemListPreTaxVal),","Decimal (13,2)","maximum: 99999999999.99,""minimum"": 0",9,Optional
A.1.2.14,99.0,Taxable_Value,ItemList.AssAmt,"'Item_Taxable_Value',",Item_Taxable_Value,"'ItemListAssAmt',","'99|ItemListAssAmt|Taxable_Value',ItemListAssAmt,","ItemListAssAmt,","'99|ItemListAssAmt|Taxable_Value',MAX(ItemListAssAmt),",,"MAX(ItemListAssAmt),","Decimal (13,2)","maximum: 999.999,""minimum"": 0",1145,Mandatory
A.1.2.15,100.0,GST_Rate,ItemList.GstRt,"'Item_GST_Rate',",Item_GST_Rate,"'ItemListGstRt',","'100|ItemListGstRt|GST_Rate',ItemListGstRt,","ItemListGstRt,","'100|ItemListGstRt|GST_Rate',MAX(ItemListGstRt),",,"MAX(ItemListGstRt),","Decimal (3,3)","maximum: 99999999999.99,""minimum"": 0",9,Mandatory
A.1.2.16,101.0,IGST_Amt,ItemList.IgstAmt,"'Item_IGST_Amt',",Item_IGST_Amt,"'ItemListIgstAmt',","'101|ItemListIgstAmt|IGST_Amt',ItemListIgstAmt,","ItemListIgstAmt,","'101|ItemListIgstAmt|IGST_Amt',MAX(ItemListIgstAmt),",,"MAX(ItemListIgstAmt),","Decimal (11,2)","maximum: 99999999999.99,""minimum"": 0",0,Optional
A.1.2.17,102.0,CGST_Amt,ItemList.CgstAmt,"'Item_CGST_Amt',",Item_CGST_Amt,"'ItemListCgstAmt',","'102|ItemListCgstAmt|CGST_Amt',ItemListCgstAmt,","ItemListCgstAmt,","'102|ItemListCgstAmt|CGST_Amt',MAX(ItemListCgstAmt),",,"MAX(ItemListCgstAmt),","Decimal (11,2)","maximum: 99999999999.99,""minimum"": 0",0,Optional
A.1.2.18,103.0,SGST_Amt,ItemList.SgstAmt,"'Item_SGST_Amt',",Item_SGST_Amt,"'ItemListSgstAmt',","'103|ItemListSgstAmt|SGST_Amt',ItemListSgstAmt,","ItemListSgstAmt,","'103|ItemListSgstAmt|SGST_Amt',MAX(ItemListSgstAmt),",,"MAX(ItemListSgstAmt),","Decimal (11,2)","maximum: 99999999999.99,""minimum"": 0",0,Optional
A1.2.19,104.0,Cess_Rate,ItemList.CesRt,"'Item_Cess_Rate',",Item_Cess_Rate,"'ItemListCesRt',","'104|ItemListCesRt|Cess_Rate',ItemListCesRt,","ItemListCesRt,","'104|ItemListCesRt|Cess_Rate',MAX(ItemListCesRt),",,"MAX(ItemListCesRt),","Decimal (11,2)","maximum: 99999999999.99,""minimum"": 0",0,Optional
A1.2.20,105.0,Cess_Amt_Ad_Valorem,ItemList.CesAmt,"'Cess_Amt_Ad_Valorem',",Cess_Amt_Ad_Valorem,"'ItemListCesAmt',","'105|ItemListCesAmt|Cess_Amt_Ad_Valorem',ItemListCesAmt,","ItemListCesAmt,","'105|ItemListCesAmt|Cess_Amt_Ad_Valorem',MAX(ItemListCesAmt),",,"MAX(ItemListCesAmt),","Decimal (11,2)","maximum: 99999999999.99,""minimum"": 0",0,Optional
A1.2.21,106.0,Cess_Non_Ad_Valorem,ItemList.CesNonAdvlAmt,"'Cess_Non_Ad_Valorem',",Cess_Non_Ad_Valorem,"'ItemListCesNonAdvlAmt',","'106|ItemListCesNonAdvlAmt|Cess_Non_Ad_Valorem',ItemListCesNonAdvlAmt,","ItemListCesNonAdvlAmt,","'106|ItemListCesNonAdvlAmt|Cess_Non_Ad_Valorem',MAX(ItemListCesNonAdvlAmt),",,"MAX(ItemListCesNonAdvlAmt),","Decimal (11,2)","maximum: 99999999999.99,""minimum"": 0",0,Optional
A1.2.22,107.0,State_Cess_Rate,ItemList.StateCesRt,"'State_Cess_Rate',",State_Cess_Rate,"'ItemListStateCesRt',","'107|ItemListStateCesRt|State_Cess_Rate',ItemListStateCesRt,","ItemListStateCesRt,","'107|ItemListStateCesRt|State_Cess_Rate',MAX(ItemListStateCesRt),",,"MAX(ItemListStateCesRt),","Decimal (11,2)","maximum: 99999999999.99,""minimum"": 0",0,Optional
A1.2.23,108.0,State_Cess_Ad_Valorem,ItemList.StateCesAmt,"'State_Cess_Ad_Valorem',",State_Cess_Ad_Valorem,"'ItemListStateCesAmt',","'108|ItemListStateCesAmt|State_Cess_Ad_Valorem',ItemListStateCesAmt,","ItemListStateCesAmt,","'108|ItemListStateCesAmt|State_Cess_Ad_Valorem',MAX(ItemListStateCesAmt),",,"MAX(ItemListStateCesAmt),","Decimal (11,2)","maximum: 99999999999.99,""minimum"": 0",0,Optional
A1.2.24,109.0,State_Cess_Non_Ad_Valorem,ItemList.StateCesNonAdvlAmt,"'State_Cess_Non_Ad_Valorem',",State_Cess_Non_Ad_Valorem,"'ItemListStateCesNonAdvlAmt',","'109|ItemListStateCesNonAdvlAmt|State_Cess_Non_Ad_Valorem',ItemListStateCesNonAdvlAmt,","ItemListStateCesNonAdvlAmt,","'109|ItemListStateCesNonAdvlAmt|State_Cess_Non_Ad_Valorem',MAX(ItemListStateCesNonAdvlAmt),",,"MAX(ItemListStateCesNonAdvlAmt),","Decimal (11,2)","maximum: 99999999999.99,""minimum"": 0",0,Optional
A.1.2.25,110.0,Other_Charges,ItemList.OthChrg,"'Other_Charges',",Other_Charges,"'ItemListOthChrg',","'110|ItemListOthChrg|Other_Charges',ItemListOthChrg,","ItemListOthChrg,","'110|ItemListOthChrg|Other_Charges',MAX(ItemListOthChrg),",,"MAX(ItemListOthChrg),","Decimal (11,2)","maximum: 99999999999.99,""minimum"": 0",15,Optional
A.1.2.26,111.0,Purchase_Order_Line_Reference,ItemList.OrdLineRef,"'Purchase_Order_Line_Reference',",Purchase_Order_Line_Reference,"'ItemListOrdLineRef',","'111|ItemListOrdLineRef|Purchase_Order_Line_Reference',ItemListOrdLineRef,","ItemListOrdLineRef,","'111|ItemListOrdLineRef|Purchase_Order_Line_Reference',MAX(ItemListOrdLineRef),",,"MAX(ItemListOrdLineRef),",String(50),"minLength: 1,""maxLength"": 50,",746/ABC/01,Optional
A.1.2.27,112.0,Item_Total,ItemList.TotItemVal,"'Item_Total',",Item_Total,"'ItemListTotItemVal',","'112|ItemListTotItemVal|Item_Total',ItemListTotItemVal,","ItemListTotItemVal,","'112|ItemListTotItemVal|Item_Total',MAX(ItemListTotItemVal),",,"MAX(ItemListTotItemVal),","Decimal (11,2)","maximum: 99999999999.99,""minimum"": 0",67555.85,Mandatory
A.1.2.28,113.0,Origin_Country_Code,ItemList.OrgCntry,"'Origin_Country_Code',",Origin_Country_Code,"'ItemListOrgCntry',","'113|ItemListOrgCntry|Origin_Country_Code',ItemListOrgCntry,","ItemListOrgCntry,","'113|ItemListOrgCntry|Origin_Country_Code',MAX(ItemListOrgCntry),",,"MAX(ItemListOrgCntry),",String(2),"minLength: 2,""maxLength"": 2,",DZ,Optional
A.1.2.29,114.0,Unique_Serial_Number,ItemList.PrdSlNo,"'Unique_Serial_Number',",Unique_Serial_Number,"'ItemListPrdSlNo',","'114|ItemListPrdSlNo|Unique_Serial_Number',ItemListPrdSlNo,","ItemListPrdSlNo,","'114|ItemListPrdSlNo|Unique_Serial_Number',MAX(ItemListPrdSlNo),",,"MAX(ItemListPrdSlNo),",String(15),"minLength: 1,""maxLength"": 15,",134,Optional
A.1.3.1,115.0,Taxable_Value,ValDtls.AssVal,"'Taxable_Value',",Taxable_Value,"'ValDtlsAssVal',","'115|ValDtlsAssVal|Taxable_Value',ValDtlsAssVal,","ValDtlsAssVal,","'115|ValDtlsAssVal|Taxable_Value',ValDtlsAssVal,","ValDtlsAssVal,","ValDtlsAssVal,","Decimal (13,2)","maximum: 99999999999.99,""minimum"": 0",67555.85,Mandatory
A.1.3.2,116.0,IGST_Amt,ValDtls.IgstVal,"'IGST_Amt',",IGST_Amt,"'ValDtlsIgstVal',","'116|ValDtlsIgstVal|IGST_Amt',ValDtlsIgstVal,","ValDtlsIgstVal,","'116|ValDtlsIgstVal|IGST_Amt',ValDtlsIgstVal,","ValDtlsIgstVal,","ValDtlsIgstVal,","Decimal (11,2)","maximum: 99999999999.99,""minimum"": 0",0,Optional
A.1.3.3,117.0,CGST_Amt,ValDtls.CgstVal,"'CGST_Amt',",CGST_Amt,"'ValDtlsCgstVal',","'117|ValDtlsCgstVal|CGST_Amt',ValDtlsCgstVal,","ValDtlsCgstVal,","'117|ValDtlsCgstVal|CGST_Amt',ValDtlsCgstVal,","ValDtlsCgstVal,","ValDtlsCgstVal,","Decimal (11,2)","maximum: 99999999999.99,""minimum"": 0",5152.5,Optional
A.1.3.4,118.0,SGST_Amt,ValDtls.SgstVal,"'SGST_Amt',",SGST_Amt,"'ValDtlsSgstVal',","'118|ValDtlsSgstVal|SGST_Amt',ValDtlsSgstVal,","ValDtlsSgstVal,","'118|ValDtlsSgstVal|SGST_Amt',ValDtlsSgstVal,","ValDtlsSgstVal,","ValDtlsSgstVal,","Decimal (11,2)","maximum: 99999999999.99,""minimum"": 0",5152.5,Optional
A.1.3.5,119.0,CESS_Amt,ValDtls.CesVal,"'CESS_Amt',",CESS_Amt,"'ValDtlsCesVal',","'119|ValDtlsCesVal|CESS_Amt',ValDtlsCesVal,","ValDtlsCesVal,","'119|ValDtlsCesVal|CESS_Amt',ValDtlsCesVal,","ValDtlsCesVal,","ValDtlsCesVal,","Decimal (11,2)","maximum: 99999999999.99,""minimum"": 0",0,Optional
A.1.3.6,120.0,State_Cess_Amt,ValDtls.StCesVal,"'State_Cess_Amt',",State_Cess_Amt,"'ValDtlsStCesVal',","'120|ValDtlsStCesVal|State_Cess_Amt',ValDtlsStCesVal,","ValDtlsStCesVal,","'120|ValDtlsStCesVal|State_Cess_Amt',ValDtlsStCesVal,","ValDtlsStCesVal,","ValDtlsStCesVal,","Decimal (11,2)","maximum: 99999999999.99,""minimum"": 0",0,Optional
A.1.3.6,121.0,Discount_Amt_Invoice_Level,ValDtls.Discount,"'Discount_Amt_Invoice_Level',",Discount_Amt_Invoice_Level,"'ValDtlsDiscount',","'121|ValDtlsDiscount|Discount_Amt_Invoice_Level',ValDtlsDiscount,","ValDtlsDiscount,","'121|ValDtlsDiscount|Discount_Amt_Invoice_Level',ValDtlsDiscount,","ValDtlsDiscount,","ValDtlsDiscount,","Decimal (14,2)","maximum: 99999999999.99,""minimum"": 0",0,Optional
A.1.3.6,122.0,Other_Charges_Invoice_Level,ValDtls.OthChrg,"'Other_Charges_Invoice_Level',",Other_Charges_Invoice_Level,"'ValDtlsOthChrg',","'122|ValDtlsOthChrg|Other_Charges_Invoice_Level',ValDtlsOthChrg,","ValDtlsOthChrg,","'122|ValDtlsOthChrg|Other_Charges_Invoice_Level',ValDtlsOthChrg,","ValDtlsOthChrg,","ValDtlsOthChrg,","Decimal (14,2)","maximum: 99999999999.99,""minimum"": 0",0,Optional
A.1.3.7,123.0,Round_off_amount,ValDtls.RndOffAmt,"'Round_off_amount',",Round_off_amount,"'ValDtlsRndOffAmt',","'123|ValDtlsRndOffAmt|Round_off_amount',ValDtlsRndOffAmt,","ValDtlsRndOffAmt,","'123|ValDtlsRndOffAmt|Round_off_amount',ValDtlsRndOffAmt,","ValDtlsRndOffAmt,","ValDtlsRndOffAmt,","Decimal (4,2)","maximum: 9999.99,""minimum"": -999",,Optional
A.1.3.8,124.0,Total_Invoice_Value_INR,ValDtls.TotInvVal,"'Total_Invoice_Value_INR',",Total_Invoice_Value_INR,"'ValDtlsTotInvVal',","'124|ValDtlsTotInvVal|Total_Invoice_Value_INR',ValDtlsTotInvVal,","ValDtlsTotInvVal,","'124|ValDtlsTotInvVal|Total_Invoice_Value_INR',ValDtlsTotInvVal,","ValDtlsTotInvVal,","ValDtlsTotInvVal,","Decimal (13,2)","maximum: 99999999999.99,""minimum"": 0",5200,Mandatory
A.1.3.9,125.0,Total_Invoice_Value_FCNR,ValDtls.TotInvValFc,"'Total_Invoice_Value_FCNR',",Total_Invoice_Value_FCNR,"'ValDtlsTotInvValFc',","'125|ValDtlsTotInvValFc|Total_Invoice_Value_FCNR',ValDtlsTotInvValFc,","ValDtlsTotInvValFc,","'125|ValDtlsTotInvValFc|Total_Invoice_Value_FCNR',ValDtlsTotInvValFc,","ValDtlsTotInvValFc,","ValDtlsTotInvValFc,","Decimal (11,2)","maximum: 99999999999.99,""minimum"": 0",100,Optional
1A.1.3.10,126.0,Paid_Amount,PayDtls.PaidAmt,"'Paid_Amount',",Paid_Amount,"'PayDtlsPaidAmt',","'126|PayDtlsPaidAmt|Paid_Amount',PayDtlsPaidAmt,","PayDtlsPaidAmt,","'126|PayDtlsPaidAmt|Paid_Amount',PayDtlsPaidAmt,","PayDtlsPaidAmt,","PayDtlsPaidAmt,","Decimal(10,2)","maximum: 99999999999.99,""minimum"": 0",10000,Optional
A.1.3.11,127.0,Amount_due_for_payment,PayDtls.PaymtDue,"'Amount_due_for_payment',",Amount_due_for_payment,"'PayDtlsPaymtDue',","'127|PayDtlsPaymtDue|Amount_due_for_payment',PayDtlsPaymtDue,","PayDtlsPaymtDue,","'127|PayDtlsPaymtDue|Amount_due_for_payment',PayDtlsPaymtDue,","PayDtlsPaymtDue,","PayDtlsPaymtDue,","Decimal(10,2)","maximum: 99999999999.99,""minimum"": 0",1900-04-20 00:00:00,Optional
A.1.4.1,128.0,Batch_Name,ItemList.BchDtls.Nm,"'Batch_Name',",Batch_Name,"'ItemListBchDtlsNm',","'128|ItemListBchDtlsNm|Batch_Name',ItemListBchDtlsNm,","ItemListBchDtlsNm,","'128|ItemListBchDtlsNm|Batch_Name',MAX(ItemListBchDtlsNm),",,"MAX(ItemListBchDtlsNm),",String(20),"minLength: 3,""maxLength"": 20,",LOT11,Mandatory
A.1.4.2,129.0,Batch_Expiry_ Date,ItemList.BchDtls.ExpDt,"'Batch_Expiry_ Date',",Batch_Expiry_ Date,"'ItemListBchDtlsExpDt',","'129|ItemListBchDtlsExpDt|Batch_Expiry_Date',ItemListBchDtlsExpDt,","ItemListBchDtlsExpDt,","'129|ItemListBchDtlsExpDt|Batch_Expiry_Date',MAX(ItemListBchDtlsExpDt),",,"MAX(ItemListBchDtlsExpDt),",String(10),DD/MM/YYYY,  21/11/2019,Optional
A.1.4.3,130.0,Warranty_Date,ItemList.BchDtls.WrDt,"'Warranty_Date',",Warranty_Date,"'ItemListBchDtlsWrDt',","'130|ItemListBchDtlsWrDt|Warranty_Date',ItemListBchDtlsWrDt,","ItemListBchDtlsWrDt,","'130|ItemListBchDtlsWrDt|Warranty_Date',MAX(ItemListBchDtlsWrDt),",,"MAX(ItemListBchDtlsWrDt),",String(10),DD/MM/YYYY,  21/11/2019,Optional
A.1.5.1,131.0,Attribute_Name,ItemList.AttribDtls.Nm,"'Attribute_Name',",Attribute_Name,"'ItemListAttribDtlsNm',","'131|ItemListAttribDtlsNm|Attribute_Name',ItemListAttribDtlsNm,","ItemListAttribDtlsNm,","'131|ItemListAttribDtlsNm|Attribute_Name',MAX(ItemListAttribDtlsNm),",,"MAX(ItemListAttribDtlsNm),",String(100),"minLength: 3,""maxLength"": 100,",Color,Optional
A.1.5.2,132.0,Attribute_Value,ItemList.AttribDtls.Val,"'Attribute_Value',",Attribute_Value,"'ItemListAttribDtlsVal',","'132|ItemListAttribDtlsVal|Attribute_Value',ItemListAttribDtlsVal,","ItemListAttribDtlsVal,","'132|ItemListAttribDtlsVal|Attribute_Value',MAX(ItemListAttribDtlsVal),",,"MAX(ItemListAttribDtlsVal),",String(100),"minLength: 3,""maxLength"": 100,","Red, green, etc",Optional
